smiles,norm_activity
FC(F)Oc1ccc(-c2nnc3cncc(CN4Cc5ccccc5C4)n23)cc1,0.9612403100775194
Cc1c(Cl)cccc1NC(=O)c1cncc2nnc(-c3ccc(OC(F)F)cc3)n12,0.5142118863049095
O=C(Nc1cccc(Cl)c1)c1cncc2nnc(-c3ccc(OC(F)F)cc3)n12,0.9147286821705426
N#Cc1ccc(-c2nnc3cncc(OCCc4ccccc4Cl)n23)cc1,0.8656330749354005
Fc1ccc(CCOc2cncc3nnc(-c4ccc(C(F)(F)F)nc4)n23)cc1F,0.8294573643410853
O=C(Nc1cc(C(F)(F)F)cc(C(F)(F)F)c1)c1cncc2nnc(-c3ccc(OC(F)F)cc3)n12,0.8682170542635659
O=C(Nc1ccc(Cl)cc1)c1c[nH]c(=O)c2nnc(-c3ccc(OC(F)F)cc3)n12,0.4883720930232558
O=C(Nc1cc[n+]([O-])c(C(F)(F)F)c1)c1cncc2nnc(-c3ccc(OC(F)F)cc3)n12,0.6020671834625323
OCC(COc1cncc2nnc(-c3ccc(OC(F)F)cc3)n12)c1ccc(O)cc1,0.524547803617571
IC(C=C1)=CC=C1C2=NN=C3C=NC=C(OCCC4=CC(F)=C(F)C=C4)N32,0.8552971576227391
O=C(COc1cncc2nnc(-c3ccc(OC(F)F)cc3)n12)c1ccc(F)c(F)c1,0.7286821705426356
COC(COc1cncc2nnc(-c3ccc(OC(F)F)cc3)n12)(OC)c1ccc(F)c(F)c1,0.9354005167958656
FS(F)(F)(F)(F)c1ccc(-c2nnc3cncc(OCCc4ccccc4)n23)cc1,0.7984496124031008
FC(F)Oc1ccc(-c2nnc3cncc(OCCC45CC6CC(CC(C6)C4)C5)n23)cc1,0.5968992248062015
CC(Cc1ccccc1)Oc1cncc2nnc(-c3ccc(OC(F)F)cc3)n12,0.813953488372093
FC(F)Oc1ccc(-c2nnc3cncc(OCC45CC6CC(CC(C6)C4)C5)n23)cc1,0.5116279069767442
FC(F)Oc1ccc(-c2nnc3cncc(OCC4CC5C=CC4C5)n23)cc1,0.7932816537467701
CC1(C)C2CC=C(CCOc3cncc4nnc(-c5ccc(OC(F)F)cc5)n34)C1C2,0.6692506459948321
O=C(COc1cncc2nnc(-c3ccc(OC(F)F)cc3)n12)c1ccccc1,0.6563307493540051
Clc1ccc(-c2nnc3cncc(OCC45CC6CC(CC(C6)C4)C5)n23)c(Cl)c1,0.4496124031007752
Clc1ccc(-c2nnc3cncc(OCC45CC6CC(CC(C6)C4)C5)n23)cc1,0.5813953488372093
CC1(C)C2CC=C(CCOc3cncc4nnc(-c5ccc(Cl)cc5Cl)n34)C1C2,0.4470284237726098
CC1(C)C2CC=C(CCOc3cncc4nnc(-c5ccc(Cl)cc5)n34)C1C2,0.6950904392764858
Clc1ccc(-c2nnc3cncc(OCC4CC5C=CC4C5)n23)c(Cl)c1,0.4237726098191215
Clc1ccc(-c2nnc3cncc(OCC4CC5C=CC4C5)n23)cc1,0.7622739018087855
c1ccc(CCOc2cncc3nnc(-c4ccncc4)n23)cc1,0.1912144702842377
O=C(Nc1ccncc1)c1cncc2nnc(-c3ccccc3)n12,0.1937984496124031
Fc1ccc(CCOc2cncc3nnc(-c4ccccc4)n23)cc1F,0.5994832041343671
ON=C(COc1cncc2nnc(-c3ccc(OC(F)F)cc3)n12)c1ccccc1,0.19638242894056848
COC(COc1cncc2nnc(-c3ccc(C#N)cc3)n12)c1ccc(F)c(F)c1,0.7157622739018088
COC(COc1cncc2nnc(-c3ccc(C#N)cc3)n12)c1ccc(F)c(F)c1,0.19896640826873385
COC(COc1cncc2nnc(-c3ccc(C#N)cc3)n12)c1ccc(F)c(F)c1,0.8217054263565892
c1ccc(CCOc2nnc3c(N4CCCCC4)nccn23)cc1,0.2015503875968992
FC(OC1=CC=C(C2=NN=C3C=NC=C(N32)OCC[C]4[CH]BBBBBBBBBB4)C=C1)F,0.9870801033591732
FC(F)Oc1ccc(-c2nnc3cncc(OCC(c4ccccc4)N4CCOCC4)n23)cc1,0.6459948320413437
FC(F)Oc1ccc(-c2nnc3cncc(OCCN4CC5(COC5)C4)n23)cc1,0.2041343669250646
OCc1ccc(COc2cncc3nnc(-c4ccc(OC(F)F)cc4)n23)cc1,0.20671834625323
FC(F)Oc1ccc(-c2nnc3cncc(OCCC4COC4)n23)cc1,0.20930232558139536
Fc1ccc(C2(COc3cncc4nnc(-c5ccc(OC(F)F)cc5)n34)OCCO2)cc1F,0.7545219638242894
CCN(CC)C(COc1cncc2nnc(-c3ccc(OC(F)F)cc3)n12)c1ccc(F)c(F)c1,0.21188630490956076
CCN(C)C(COc1cncc2nnc(-c3ccc(OC(F)F)cc3)n12)c1ccc(F)c(F)c1,0.4289405684754522
NC(=O)c1ccc(-c2nnc3cncc(OCCc4ccc(F)c(F)c4)n23)cc1,0.2144702842377261
NC(=O)c1cccc(-c2nnc3cncc(OCCc4ccc(F)c(F)c4)n23)c1,0.21705426356589147
CN(C)C(=O)c1ccc(-c2nnc3cncc(OCCc4ccc(F)c(F)c4)n23)cc1,0.5426356589147286
Fc1ccc(CCOc2cncc3nnc(Br)n23)cc1F,0.21963824289405684
FC(F)(F)c1ncc(OCCc2ccccc2)n2c(-c3ccncc3)nnc12,0.2222222222222222
FC(F)Oc1ccc(-c2nnc3c(C(F)(F)F)ncc(OCCc4ccccc4)n23)cc1,0.2248062015503876
Oc1ncc(OCCc2ccccc2)n2c(-c3ccc(OC(F)F)cc3)nnc12,0.22739018087855295
CN1CCN(C(=O)c2ccc(-c3nnc4cncc(OCCc5ccc(F)c(F)c5)n34)cc2)CC1,0.22997416020671835
NS(=O)(=O)c1ccc(-c2nnc3cncc(OCCc4ccc(F)c(F)c4)n23)cc1,0.2325581395348837
O=C(c1ccc(-c2nnc3cncc(OCCc4ccc(F)c(F)c4)n23)cc1)N1CCOCC1,0.2351421188630491
CN1CCN(C(=O)c2cccc(-c3nnc4cncc(OCCc5ccc(F)c(F)c5)n34)c2)CC1,0.2377260981912145
FC(F)Oc1ccc(-c2nnc3c(N4CCOCC4)nccn23)cc1,0.24031007751937986
FC(F)Oc1ccc(-c2nnc3cncc(OCCC4C5C6CC7C8C6CC5C8C47)n23)cc1,0.6847545219638242
FC(F)Oc1ccc(-c2nnc3cncc(OCCN4CCNCC4)n23)cc1,0.24289405684754525
FC(F)Oc1ccc(-c2nnc3cncc(OCCN4CCOCC4)n23)cc1,0.2454780361757106
FC(F)Oc1ccc(-c2nnc3cncc(OCCN4CCCCC4)n23)cc1,0.248062015503876
FC(F)Oc1ccc(-c2nnc3cncc(OCCN4CCCC4)n23)cc1,0.25064599483204136
CC(C)(C)OC(=O)N1CCN(CCOc2cncc3nnc(-c4ccc(OC(F)F)cc4)n23)CC1,0.2532299741602067
OCCc1cn(-c2nccn3c(-c4ccc(OC(F)F)cc4)nnc23)c2ccccc12,0.4521963824289406
Oc1nccn2c(-c3ccc(OC(F)F)cc3)nnc12,0.2558139534883721
FC(F)Oc1ccc(-c2nnc3cncc(OCCC4CC4)n23)cc1,0.5607235142118863
FC(F)Oc1ccc(-c2nnc3cncc(OCC4CC5CC4C4OC54)n23)cc1,0.4160206718346253
FC(F)Oc1ccc(-c2nnc3cncc(OCC4CC5CC4C4OC54)n23)cc1,0.1834625322997416
OC12C3C4C1C1C2C3C41CCOc1cncc2nnc(-c3ccc(OC(F)F)cc3)n12,0.7054263565891473
OC12C3C4C5C3C1(CCOc1cncc3nnc(-c6ccc(OC(F)F)cc6)n13)C5C42,0.5503875968992248
O=C(O)C(COc1cncc2nnc(-c3ccc(OC(F)F)cc3)n12)c1ccccc1,0.5348837209302325
Fc1ccc(CCOc2cncc3nnc(N4CCOCC4)n23)cc1F,0.14987080103359174
CN(C)C(=O)c1cccc(-c2nnc3cncc(OCCc4ccc(F)c(F)c4)n23)c1,0.0103359173126615
Fc1ccc(CCOc2cncc3nnc(OCCc4ccc(F)c(F)c4)n23)cc1F,0.012919896640826873
Fc1ccc(CCOc2cncc3nnc(-c4ccc(N5CCOCC5)cc4)n23)cc1F,0.16020671834625322
Fc1ccc(CCOc2cncc3nnc(-c4ccc5cc[nH]c5c4)n23)cc1F,0.9638242894056848
Nc1ccc(-c2nnc3cncc(OCCc4ccc(F)c(F)c4)n23)cc1,0.17829457364341084
Fc1ccc(CCOc2cncc3nnc(-c4ccc(N5CCCCC5)cc4)n23)cc1F,0.14470284237726094
Fc1ccc(CCOc2cncc3nnc(-c4ccc(N5CCCC5)cc4)n23)cc1F,0.1421188630490956
CC(=O)Nc1ccc(-c2nnc3cncc(OCCc4ccc(F)c(F)c4)n23)cc1,0.015503875968992246
CC(=O)Nc1cccc(-c2nnc3cncc(OCCc4ccc(F)c(F)c4)n23)c1,0.018087855297157618
Fc1ccc(CCOc2cncc3nnc(N4CCC(F)(F)CC4)n23)cc1F,0.648578811369509
Fc1ccc(CCOc2cncc3nnc(N4CCC(F)CC4)n23)cc1F,0.4418604651162791
Fc1ccc(CCOc2cncc3nnc(N4CCC(C(F)(F)F)CC4)n23)cc1F,0.5710594315245479
CN1CCN(c2nnc3cncc(OCCc4ccc(F)c(F)c4)n23)CC1,0.020671834625323002
CN(C)c1ccc(-c2nnc3cncc(OCCc4ccc(F)c(F)c4)n23)cc1,0.4857881136950905
OCC(COc1cncc2nnc(-c3ccc(OC(F)F)cc3)n12)c1cccc(OCc2ccccc2)c1,0.9844961240310076
OCC(COc1cncc2nnc(-c3ccc(OC(F)F)cc3)n12)c1cccc(O)c1,0.834625322997416
CC(C)(C)OC(=O)NC(COc1cncc2nnc(-c3ccc(OC(F)F)cc3)n12)Cc1ccccc1,0.4366925064599483
NC(COc1cncc2nnc(-c3ccc(OC(F)F)cc3)n12)Cc1ccccc1,0.16279069767441862
CC(C)(C)OC(=O)NC(COc1cncc2nnc(-c3ccc(OC(F)F)cc3)n12)Cc1ccccc1,0.25839793281653745
NC(COc1cncc2nnc(-c3ccc(OC(F)F)cc3)n12)Cc1ccccc1,0.5917312661498708
Fc1ccc(CCOc2cncc3nnc(-n4cccn4)n23)cc1F,0.02325581395348837
Fc1ccc(CCOc2nccn3c(-n4cccn4)nnc23)cc1F,0.1524547803617571
Fc1ccc(CCOc2cncc3nnc(Oc4ccc(Cl)cc4)n23)cc1F,0.025839793281653745
CN(C)c1cccc(-c2nnc3cncc(OCCc4ccc(F)c(F)c4)n23)c1,0.4599483204134367
Fc1ccc(CCOc2cncc3nnc(-c4ccc5cn[nH]c5c4)n23)cc1F,0.8191214470284238
Fc1ccc(CCOc2cncc3nnc(-c4cccc5[nH]ccc45)n23)cc1F,0.5064599483204134
Nc1cc(-c2nnc3cncc(OCCc4ccc(F)c(F)c4)n23)ccc1Cl,0.9896640826873384
Nc1cccc(-c2nnc3cncc(OCCc4ccc(F)c(F)c4)n23)c1,0.5684754521963824
CCc1ccc(-c2nnc3cncc(OCCc4ccc(F)c(F)c4)n23)cc1,0.9431524547803618
O=C(O)c1ccc(-c2nnc3cncc(OCCc4ccc(F)c(F)c4)n23)cc1,0.02842377260981912
O=C(O)c1cccc(-c2nnc3cncc(OCCc4ccc(F)c(F)c4)n23)c1,0.031007751937984492
O=[N+]([O-])c1ccc(-c2nnc3cncc(OCCc4ccc(F)c(F)c4)n23)cc1,0.7080103359173127
OCC(COc1cncc2nnc(-c3ccc4cc[nH]c4c3)n12)c1ccccc1,0.979328165374677
OCC(COc1cncc2nnc(-c3ccc(OC(F)F)cc3)n12)c1ccc(C(F)(F)F)cc1,0.6795865633074936
OC(COc1cncc2nnc(C3CCCNC3)n12)c1ccccc1,0.033591731266149866
Fc1ccc(CCOc2cncc3nnc(C4CCCNC4)n23)cc1F,0.036175710594315236
OCC(O)(COc1cncc2nnc(-c3ccc(OC(F)F)cc3)n12)c1ccccc1,0.8010335917312662
CN(C)c1ccc(C2(COc3cncc4nnc(-c5ccc(OC(F)F)cc5)n34)COC(C)(C)O2)cc1,0.03875968992248062
CC1(C)OCC(COc2cncc3nnc(-c4ccc(OC(F)F)cc4)n23)(c2ccc(F)c(F)c2)O1,0.9379844961240309
OCC(O)(COc1cncc2nnc(-c3ccc(OC(F)F)cc3)n12)c1ccc(F)c(F)c1,0.7803617571059431
CC(=O)COc1nccn2c(-c3ccc(OC(F)F)cc3)nnc12,0.041343669250646004
CC1(C)OCC(COc2cncc3nnc(-c4ccc(OC(F)F)cc4)n23)(c2ccccc2)O1,0.8578811369509044
FC(F)Oc1ccc(-c2nnc3c(NCc4ccccc4)nccn23)cc1,0.14728682170542634
OCC(COc1cncc2nnc(-c3ccc(OC(F)F)cc3)n12)c1ccccc1OCc1ccccc1,0.04392764857881137
FC(F)Oc1ccc(-c2nnc3cncc(OCCc4ccc(OCc5ccccc5)cc4)n23)cc1,0.537467700258398
FC(F)Oc1ccc(-c2nnc3cncc(OCCc4cccc(OCc5ccccc5)c4)n23)cc1,0.9405684754521964
CN(C)c1ccc(C(O)(CO)COc2cncc3nnc(-c4ccc(OC(F)F)cc4)n23)cc1,0.04651162790697674
FC(F)Oc1ccc(-c2nnc3c(NCCc4ccccc4)nccn23)cc1,0.04909560723514212
Fc1ccc(CCOc2cncc3nnc(-n4ccnc4)n23)cc1F,0.05167958656330749
Cn1ccc2ccc(-c3nnc4cncc(OCCc5ccc(F)c(F)c5)n34)cc21,0.8397932816537468
O=C1Cc2ccc(-c3nnc4cncc(OCCc5ccc(F)c(F)c5)n34)cc2N1,0.05426356589147287
Fc1ccc(CCOc2cncc3nnc(-c4ccc5c(c4)NCC5)n23)cc1F,0.7028423772609819
Nc1cc(-c2nnc3cncc(OCCc4ccc(F)c(F)c4)n23)ccc1F,0.7312661498708011
FC(F)Oc1ccc(-c2nnc3c(SCc4ccccc4)nccn23)cc1,0.4806201550387597
FC(F)Oc1ccc(-c2nnc3cncc(SCCc4ccccc4)n23)cc1,0.6976744186046512
CC(C)(C)OC(=O)N1CCC(c2nnc3cncc(OCCc4ccccc4)n23)CC1,0.17054263565891473
c1ccc(CCOc2cncc3nnc(C4CCOCC4)n23)cc1,0.05684754521963824
CC(C)(C)OC(=O)N1CCC(c2nnc3cncc(OCCc4ccccc4)n23)C1,0.059431524547803614
c1ccc(CCOc2cncc3nnc(C4CCOC4)n23)cc1,0.062015503875968984
c1ccc(CCOc2cncc3nnc(C4CCNCC4)n23)cc1,0.06459948320413436
c1ccc(CCOc2cncc3nnc(C4CCNC4)n23)cc1,0.06718346253229975
FC(OC1=CC=C(C2=NN=C3C=NC=C(N32)OCC[C]4BB[CH]BBBBBBBB4)C=C1)F,0.9560723514211886
FC(F)Oc1ccc(-c2nnc3cncc(OCCCc4ccccc4)n23)cc1,0.6666666666666666
FC(F)Oc1ccc(-c2nnc3cncc(Oc4ccccc4)n23)cc1,0.06976744186046513
FC(F)Oc1ccc(-c2nnc3cncc(OCCOc4ccccc4)n23)cc1,0.6770025839793282
COc1ccc(CCNc2cncc3nnc(-c4ccc(OC(F)F)cc4)n23)cc1OC,0.07235142118863049
OC(CNc1cncc2nnc(-c3ccc(OC(F)F)cc3)n12)c1ccccc1,0.07493540051679587
OC(CNc1cncc2nnc(-c3ccc(OC(F)F)cc3)n12)c1ccccc1,0.07751937984496124
FC(F)Oc1ccc(-c2nnc3cncc(NCc4ccccc4)n23)cc1,0.08010335917312661
COc1ccc(-c2nnc(-c3nccn3CCc3ccccc3)[nH]2)cc1,0.08268733850129201
Nc1ccc(C(CO)COc2cncc3nnc(-c4ccc(OC(F)F)cc4)n23)cc1,0.15503875968992248
CNc1ccc(C(CO)COc2cncc3nnc(-c4ccc(OC(F)F)cc4)n23)cc1,0.18087855297157626
FC(F)Oc1ccc(-c2nnc3cncc(OCCc4cccs4)n23)cc1,0.8888888888888888
CC(COc1cncc2nnc(-c3ccc(OC(F)F)cc3)n12)c1ccccc1,0.7596899224806202
Fc1ccc(CCOc2cncc3nnc(OCc4cccnc4)n23)cc1F,0.08527131782945736
Fc1ccc(CCOc2cncc3nnc(-c4ccc5nc[nH]c5c4)n23)cc1F,0.08785529715762272
Fc1ccc(CCOc2cncc3nnc(-c4ccc5nc[nH]c5c4)n23)cc1F,0.09043927648578813
COc1ccc(-c2nnc3cncc(OCCc4ccccc4)n23)cc1,0.6227390180878553
O=[N+]([O-])c1ccc(-c2nnc3cncc(OCCc4ccccc4)n23)cc1,0.6304909560723514
COc1ccc(-c2nnc3cncc(SCCc4ccccc4)n23)cc1,0.09302325581395347
OCC(CO)(COc1cncc2nnc(-c3ccc(OC(F)F)cc3)n12)c1ccccc1,0.4728682170542636
c1ccc(CCOc2nccn3c(-c4ccccc4)nnc23)cc1,0.4341085271317829
COc1ccc(-c2nnc3c(OCCc4ccccc4)nccn23)cc1,0.09560723514211886
O=[N+]([O-])c1ccc(-c2nnc3c(OCCc4ccccc4)nccn23)cc1,0.09819121447028424
COc1ccc(-c2nnc3c(SCCc4ccccc4)nccn23)cc1,0.1007751937984496
c1ccc(CCSc2nccn3c(-c4ccccc4)nnc23)cc1,0.5555555555555556
O=[N+]([O-])c1ccc(-c2nnc3c(SCCc4ccccc4)nccn23)cc1,0.10335917312661498
c1ccc(CCNc2nccn3c(-c4ccccc4)nnc23)cc1,0.10594315245478036
COc1ccc(-c2nnc3c(NCCc4ccccc4)nccn23)cc1,0.10852713178294572
O=[N+]([O-])c1ccc(-c2nnc3c(NCCc4ccccc4)nccn23)cc1,0.1111111111111111
OCC(COc1cncc2nnc(-c3ccc(OC(F)F)cc3)n12)(COc1cncc2nnc(-c3ccc(OC(F)F)cc3)n12)c1ccccc1,0.11369509043927647
OCC(COc1cncc2nnc(-c3ccc(OC(F)F)cc3)n12)c1ccccc1F,0.9302325581395348
COc1ccccc1C(CO)COc1cncc2nnc(-c3ccc(OC(F)F)cc3)n12,0.8733850129198967
COc1cccc(C(CO)COc2cncc3nnc(-c4ccc(OC(F)F)cc4)n23)c1,0.9483204134366924
OCC(COc1cncc2nnc(-c3ccc(OC(F)F)cc3)n12)c1cccc(C(F)(F)F)c1,0.9741602067183462
OCC(COc1cncc2nnc(-c3ccc(OC(F)F)cc3)n12)c1c(F)cc(F)cc1F,0.7183462532299741
OCC(COc1cncc2nnc(-c3ccc(OC(F)F)cc3)n12)c1cc(F)c(F)cc1F,0.9198966408268734
OCC(COc1nccn2c(-c3ccc(OC(F)F)cc3)nnc12)c1cc(F)c(F)cc1F,0.4186046511627907
COc1ccc(C(CO)COc2cncc3nnc(-c4ccc(OC(F)F)cc4)n23)cc1,0.7416020671834626
O=C(O)C(COc1cncc2nnc(-c3ccc(OC(F)F)cc3)n12)c1c(F)cc(F)cc1F,0.11627906976744184
COc1ccc(C(COc2cncc3nnc(-c4ccc(OC(F)F)cc4)n23)C(=O)O)cc1,0.4108527131782946
FC(F)Oc1ccc(-c2nnc3cncc(OCC45CC(C(F)F)(C4)C5)n23)cc1,0.5736434108527132
OCC(COc1nccn2c(-c3ccc(OC(F)F)cc3)nnc12)c1ccccc1,0.4263565891472868
Cc1ccc(-c2nnc3cncc(OCCc4ccccc4)n23)cc1,0.6873385012919897
COc1ccccc1-c1nnc2cncc(OCCc3ccccc3)n12,0.5167958656330749
c1ccc(CCOc2cncc3nnc(-c4ccc5c(c4)CCO5)n23)cc1,0.5193798449612403
c1ccc(CCOc2nccn3c(-c4ccc5c(c4)CCO5)nnc23)cc1,0.11886304909560726
CCOc1ccccc1-c1nnc2cncc(OCCc3ccccc3)n12,0.16537467700258401
CCOc1ccccc1-c1nnc2c(OCCc3ccccc3)nccn12,0.454780361757106
COc1cc(-c2nnc3cncc(OCCc4ccccc4)n23)cc(OC)c1OC,0.1214470284237726
COc1cc(-c2nnc3c(OCCc4ccccc4)nccn23)cc(OC)c1OC,0.15762273901808785
CC1(C)OCC(COc2cncc3nnc(-c4ccc(OC(F)F)cc4)n23)(c2ccccc2)CO1,0.8449612403100775
Fc1ccc(CCOc2cncc3nnc(-c4cccc5c4OCO5)n23)cc1F,0.627906976744186
c1ccc(CCOc2cncc3nnc(-c4cccc5c4OCO5)n23)cc1,0.1731266149870801
COc1cccc(OC)c1-c1nnc2cncc(OCCc3ccccc3)n12,0.12403100775193797
COc1cccc(OC)c1-c1nnc2c(O)nccn12,0.12661498708010335
COc1cc(OC)c(-c2nnc3cncc(OCCc4ccccc4)n23)c(OC)c1,0.12919896640826872
O=[N+]([O-])c1ccccc1-c1nnc2cncc(OCCc3ccccc3)n12,0.13178294573643412
CC(C)(C)c1ccc(-c2nnc3cncc(OCCc4ccccc4)n23)cc1,0.18863049095607234
CC(C)(C)c1cc(-c2nnc3cncc(OCCc4ccccc4)n23)cc(C(C)(C)C)c1,0.6718346253229974
c1ccc(CCOc2nccn3c(-c4c5ccccc5cc5ccccc45)nnc23)cc1,0.4134366925064599
c1ccc(CCOc2cncc3nnc(-c4c5ccccc5cc5ccccc45)n23)cc1,0.16795865633074936
COc1cc(OC)c(-c2nnc3c(O)nccn23)c(OC)c1,0.1343669250645995
FC(F)Oc1ccc(-c2nnc3cncc(OCCC45CC(C4)C5)n23)cc1,0.6614987080103361
CC(C)(C)Oc1ccc(-c2nnc3cncc(OCC(O)c4ccc(F)c(F)c4)n23)cc1,0.8062015503875969
Cc1ccc(COc2cncc3nnc(-c4ccc(C(C)C)cc4)n23)cn1,0.13695090439276486
NCc1cccc(CCOc2cncc3nnc(-c4ccc(Cl)cc4)n23)c1,0.18604651162790695
CC(O)COc1cncc2nnc(-c3ccc(OC(F)F)cc3)n12,0.13953488372093026
FC(F)OC(C=C1)=CC=C1C2=NN=C3C=NC=C(OCCCCCO)N32,0.17571059431524547
Nc1cccc(CCOc2cncc3nnc(-c4ccc(Cl)cc4)n23)c1,0.5891472868217055
FC(F)Oc1ccc(-c2nnc3cncc(OCCc4ccco4)n23)cc1,0.6744186046511628
Fc1ccc(CCOc2cncc3nnc(-c4ccc(Cl)cc4)n23)cc1F,0.9767441860465116
Clc1ccc(-c2nnc3cncc(OCCc4ccccc4)n23)cc1,0.9534883720930232
[O-][n+]1cc(OCCc2ccc(F)c(F)c2)n2c(-c3ccc(OC(F)F)cc3)nnc2c1,0.5297157622739018
Fc1ccc(CCOc2cnc(Cl)c3nnc(-c4ccc(OC(F)F)cc4)n23)cc1F,0.9276485788113696
OCCc1cncc2nnc(-c3ccc(OC(F)F)cc3)n12,0.26098191214470284
OCCC1CNCc2nnc(-c3ccc(OC(F)F)cc3)n21,0.4444444444444444
Fc1ccc(N2CC(Oc3cncc4nnc(-c5ccc(OC(F)F)cc5)n34)C2)cc1F,0.8242894056847545
FC(F)Oc1ccc(-c2nnc3cncc(N4CCC(c5ccccc5)C4)n23)cc1,0.6098191214470284
O=C(NCc1cccc(Cl)c1)c1cncc2nnc(-c3ccc(OC(F)F)cc3)n12,0.909560723514212
Fc1ccc(CCOc2cncc3nnc(C4CCOCC4)n23)cc1F,0.26356589147286824
FC(F)Oc1ccc(-c2nnc3n2CCNC3)cc1,0.2661498708010336
CC(=O)N1CCC(c2nnc3cncc(OCCc4ccc(F)c(F)c4)n23)CC1,0.268733850129199
NCC(=O)N1CCn2c(nnc2-c2ccc(OC(F)F)cc2)C1,0.2713178294573643
O=C(c1cncc2nnc(-c3ccc(OC(F)F)cc3)n12)N1Cc2ccccc2C1,0.2739018087855297
O=C(NCc1ccc(Cl)cc1)c1cncc2nnc(-c3ccc(OC(F)F)cc3)n12,0.6640826873385013
O=C(NCc1ccccc1Cl)c1cncc2nnc(-c3ccc(OC(F)F)cc3)n12,0.8372093023255814
O=C(NCC1CCOCC1)c1cncc2nnc(-c3ccc(OC(F)F)cc3)n12,0.27648578811369506
Fc1ccc(CCOc2cncc3nnc(Nc4ccc(F)c(F)c4)n23)cc1F,0.7235142118863049
Fc1ccc(OC2CN(c3cncc4nnc(-c5ccc(OC(F)F)cc5)n34)C2)cc1F,0.5038759689922481
Fc1ccc(CCOc2cncc3nnc(N4CCCCC4)n23)cc1F,0.5762273901808785
O=C(c1cncc2nnc(-c3ccc(OC(F)F)cc3)n12)N1CCN(c2ccccn2)CC1,0.2790697674418605
O=C(NCCN1CCOCC1)c1cncc2nnc(-c3ccc(OC(F)F)cc3)n12,0.28165374677002586
O=C(c1cncc2nnc(-c3ccc(OC(F)F)cc3)n12)N1CCOCC1,0.2842377260981912
CC(NC(=O)c1cncc2nnc(-c3ccc(OC(F)F)cc3)n12)c1ccccc1,0.6434108527131783
O=C(c1cncc2nnc(-c3ccc(OC(F)F)cc3)n12)N1CCCC1,0.2868217054263566
CS(=O)(=O)N1CCN(C(=O)c2cncc3nnc(-c4ccc(OC(F)F)cc4)n23)CC1,0.28940568475452194
CC(NC(=O)c1cncc2nnc(-c3ccc(OC(F)F)cc3)n12)c1ccccc1,0.6589147286821705
O=c1[nH]cc(OCCc2ccc(F)c(F)c2)n2c(-c3ccc(OC(F)F)cc3)nnc12,0.5219638242894057
O=C(Nc1ccccn1)c1cncc2nnc(-c3ccc(OC(F)F)cc3)n12,0.2919896640826873
O=C(NCCc1ccccc1)c1cncc2nnc(-c3ccc(OC(F)F)cc3)n12,0.5529715762273901
Fc1ccc(CCOc2cncc3nnc(N4Cc5ccccc5C4)n23)cc1F,0.8036175710594315
CCN(CC)c1ncc(OCCc2ccc(F)c(F)c2)n2c(-c3ccc(OC(F)F)cc3)nnc12,0.4651162790697674
O=S(=O)(Cc1ccc(C(F)(F)F)cc1)Nc1cncc2nnc(-c3ccc(OC(F)F)cc3)n12,0.29457364341085274
O=C(c1cncc2nnc(-c3ccc(OC(F)F)cc3)n12)N1CCCC1c1ccccc1,0.5452196382428941
CN(Cc1cccc(Cl)c1)C(=O)c1cncc2nnc(-c3ccc(OC(F)F)cc3)n12,0.689922480620155
FC(F)Oc1ccc(-c2nnc3cncc(CCCc4ccccc4)n23)cc1,0.8940568475452196
FC(F)Oc1ccc(-c2nnc3cncc(CCN4CCOCC4)n23)cc1,0.2971576227390181
FC(F)Oc1ccc(-c2nnc3n2C(CCCc2ccccc2)CNC3)cc1,0.4315245478036176
Nc1ncc(OCCc2ccc(F)c(F)c2)n2c(-c3ccc(OC(F)F)cc3)nnc12,0.2997416020671835
FC(F)Oc1ccc(-c2nnc3cncc(CCN4Cc5ccccc5C4)n23)cc1,0.3023255813953488
FC(F)Oc1ccc(-c2nnc3cncc(N4CC(c5ccccc5)C4)n23)cc1,0.3049095607235142
Fc1ccc(COCc2cncc3nnc(-c4ccc(OC(F)F)cc4)n23)cc1F,0.8501291989664083
Cc1ncc(OCCc2ccc(F)c(F)c2)n2c(-c3ccc(OC(F)F)cc3)nnc12,0.4625322997416021
O=C(NCc1ccc(F)c(F)c1)c1cncc2nnc(-c3ccc(OC(F)F)cc3)n12,0.896640826873385
O=C(NCc1cncc2nnc(-c3ccc(OC(F)F)cc3)n12)c1cccc(Cl)c1,0.3074935400516796
FC(F)Oc1ccc(-c2nnc3cncc(Oc4ccc(Cl)cc4)n23)cc1,0.5271317829457365
COC(COc1cncc2nnc(-c3ccc(C#N)cc3)n12)c1ccc(F)c(F)c1,0.8165374677002584
O=C(Nc1ccc(F)cc1)c1cncc2nnc(-c3ccc(OC(F)F)cc3)n12,0.5400516795865633
O=C(Nc1ccc(F)c(F)c1)c1cncc2nnc(-c3ccc(OC(F)F)cc3)n12,0.7571059431524548
Fc1ccc(CCCc2cncc3nnc(-c4ccc(OC(F)F)cc4)n23)cc1F,0.8630490956072352
O=C(Nc1ccc(Cl)cc1)c1cncc2nnc(-c3ccc(OC(F)F)cc3)n12,0.4573643410852713
Fc1ccc2c(c1)CCN2c1nnc2cncc(OCCc3ccc(F)c(F)c3)n12,0.6046511627906976
CN(C)C(COc1cncc2nnc(-c3ccc(OC(F)F)cc3)n12)c1ccc(F)c(F)c1,0.992248062015504
Fc1ccc(C2(COc3cncc4nnc(-c5ccc(OC(F)F)cc5)n34)COC2)cc1F,0.7958656330749354
N#Cc1ccc(-c2nnc3cncc(OCC(OC(F)F)c4ccc(F)c(F)c4)n23)cc1,1.0
FC(F)Oc1ccc(-c2nnc3cncc(Oc4ccc5ccccc5c4)n23)cc1,0.9586563307493541
FC(F)Oc1ccc(-c2nnc3cncc(OCC(F)(F)F)n23)cc1,0.31007751937984496
CNC(COc1cncc2nnc(-c3ccc(OC(F)F)cc3)n12)c1ccc(F)c(F)c1,0.31266149870801035
FC(F)Oc1ccc(-c2nnc3cncc(Oc4ccc(C(F)(F)F)cc4)n23)cc1,0.8320413436692506
FC(F)Oc1ccc(-c2nnc3cncc(Oc4ccc(Cl)c(Cl)c4)n23)cc1,0.8087855297157622
O=C(Nc1ccc(F)c(Cl)c1)c1cncc2nnc(-c3ccc(OC(F)F)cc3)n12,0.8811369509043928
O=C(c1cncc2nnc(-c3ccc(OC(F)F)cc3)n12)N1CCc2cc(F)ccc21,0.3152454780361757
FC(F)Oc1ccc(-c2nnc3cncc(Nc4ccc(Cl)c(Cl)c4)n23)cc1,0.4211886304909561
FC(F)Oc1ccc(-c2nnc3cncc(Oc4cccc(Cl)c4)n23)cc1,0.5581395348837209
O=C(Nc1ccnc(C(F)(F)F)c1)c1cncc2nnc(-c3ccc(OC(F)F)cc3)n12,0.8785529715762274
Fc1ccc(CCOc2cn3c(-c4ccc(OC(F)F)cc4)nnc3cn2)cc1F,0.9948320413436692
Fc1ccc(COc2cn3c(-c4ccc(OC(F)F)cc4)nnc3cn2)cc1F,0.7906976744186046
OCC(COc1cncc2nnc(-c3ccc(OC(F)F)cc3)n12)c1ccc(F)c(F)c1,0.9974160206718348
Fc1ccc(CNc2cn3c(-c4ccc(OC(F)F)cc4)nnc3cn2)cc1F,0.3178294573643411
Fc1ccc(C(COc2cncc3nnc(-c4ccc(OC(F)F)cc4)n23)N2CCOCC2)cc1F,0.7648578811369509
CC(C)(C)c1ccc(Oc2cncc3nnc(-c4ccc(OC(F)F)cc4)n23)cc1,0.7364341085271318
FC(F)Oc1ccc(-c2nnc3cncc(Oc4ccc5c(c4)CCCC5)n23)cc1,0.5788113695090439
FC(F)Oc1ccc(-c2nnc3cncc(Oc4ccc(Cl)c(C(F)(F)F)c4)n23)cc1,0.7700258397932817
NC(COc1cncc2nnc(-c3ccc(OC(F)F)cc3)n12)c1ccc(F)c(F)c1,0.9018087855297158
OCC(Nc1cncc2nnc(-c3ccc(OC(F)F)cc3)n12)c1ccc(F)c(F)c1,0.7777777777777778
Fc1ccc(-c2cnn(-c3cncc4nnc(-c5ccc(OC(F)F)cc5)n34)c2)cc1F,0.4677002583979328
O=C(Nc1ccc(F)cc1Cl)c1cncc2nnc(-c3ccc(OC(F)F)cc3)n12,0.483204134366925
Fc1ccc(Nc2cn3c(-c4ccc(OC(F)F)cc4)nnc3cn2)cc1F,0.32041343669250644
O=C(NCc1cc(Cl)ccc1Cl)c1cncc2nnc(-c3ccc(OC(F)F)cc3)n12,0.8604651162790697
O=C(NCc1cccc(C(F)(F)F)c1Cl)c1cncc2nnc(-c3ccc(OC(F)F)cc3)n12,0.8708010335917312
Fc1ccc(Cc2nccn2-c2cncc3nnc(-c4ccc(OC(F)F)cc4)n23)cc1F,0.32299741602067183
Cc1nn(-c2ccc(F)cc2)c(C)c1-c1nnc2cncc(OCC(F)(F)F)n12,0.32558139534883723
FC(F)Oc1ccc(-c2nnc3cncc(Oc4ccc(S(F)(F)(F)(F)F)cc4)n23)cc1,0.9043927648578812
Fc1ccc(Oc2cn3c(-c4ccc(OC(F)F)cc4)nnc3cn2)cc1F,0.5478036175710594
Fc1ccc(CCNc2cn3c(-c4ccc(OC(F)F)cc4)nnc3cn2)cc1,0.3281653746770026
Cc1nn(-c2ccc(F)cc2)c(C)c1-c1nnc2cncc(Oc3ccc(Cl)c(Cl)c3)n12,0.33074935400516803
Fc1ccc(C2C(Oc3cncc4nnc(-c5ccc(OC(F)F)cc5)n34)CN2C2CC2)cc1F,0.7674418604651163
O=C1C(Oc2cncc3nnc(-c4ccc(OC(F)F)cc4)n23)C(c2ccc(F)c(F)c2)N1C1CC1,0.6821705426356589
Cn1ccc2cc(Oc3cncc4nnc(-c5ccc(OC(F)F)cc5)n34)ccc21,0.6175710594315246
O=C1C(Oc2cn3c(-c4ccc(OC(F)F)cc4)nnc3cn2)C(c2ccc(F)c(F)c2)N1C1CC1,0.3333333333333333
FC(F)Oc1ccc(-c2nnc3cncc(Oc4ccc5ccc(C(F)(F)F)nc5c4)n23)cc1,0.6408268733850129
Cc1noc2cc(Oc3cncc4nnc(-c5ccc(OC(F)F)cc5)n34)ccc12,0.6201550387596899
CC1=CC(C)(C)Oc2cc(Oc3cncc4nnc(-c5ccc(OC(F)F)cc5)n34)ccc21,0.6253229974160207
Cn1ncc2ccc(Oc3cncc4nnc(-c5ccc(OC(F)F)cc5)n34)cc21,0.3359173126614987
O=C(NC1CCc2cc(Cl)ccc21)c1cncc2nnc(-c3ccc(OC(F)F)cc3)n12,0.7829457364341085
Cc1nn(-c2ccc(F)cc2)c(C)c1-c1nnc2cncc(C(=O)Nc3ccnc(C(F)(F)F)c3)n12,0.3385012919896641
Fc1ccc(C2(C(Oc3cncc4nnc(-c5ccc(OC(F)F)cc5)n34)C(F)(F)F)CC2)cc1F,0.34108527131782945
Cn1cc2ccc(Oc3cncc4nnc(-c5ccc(OC(F)F)cc5)n34)cc2n1,0.4702842377260982
OC(COc1cncc2nnc(-c3ccc(OC(F)F)cc3)n12)c1ccc(F)c(F)c1,0.9715762273901808
FC(F)Oc1ccc(-c2nnc3cncc(OCc4cccc5ccccc45)n23)cc1,0.6356589147286822
Fc1ccc(C2C(Oc3cncc4nnc(-c5ccc(OC(F)F)cc5)n34)CN2C2CC2)cc1F,0.7390180878552972
CC(O)(COc1cncc2nnc(-c3ccc(OC(F)F)cc3)n12)c1ccc(F)c(F)c1,0.9689922480620154
FC(F)Oc1ccc(-c2nnc3cncc(Oc4cccc(Oc5ccccn5)c4)n23)cc1,0.4754521963824289
FC(F)Oc1ccc(-c2nnc3cncc(OCC4CCc5cc(Cl)ccc54)n23)cc1,0.6537467700258398
CC(F)(COc1cncc2nnc(-c3ccc(OC(F)F)cc3)n12)c1ccc(F)c(F)c1,0.9509043927648578
FC(F)Oc1ccc(-c2nnc3cncc(Oc4ccc5nc(C(F)(F)F)ncc5c4)n23)cc1,0.6072351421188631
Fc1ccc(C(F)COc2cncc3nnc(-c4ccc(OC(F)F)cc4)n23)cc1F,0.9819121447028424
FC(F)Oc1ccc(-c2nnc3cncc(Oc4ccc5ccsc5c4)n23)cc1,0.7751937984496124
Fc1cc2ccc(Oc3cncc4nnc(-c5ccc(OC(F)F)cc5)n34)cc2cc1F,0.7260981912144703
Fc1cc(F)c2ccc(Oc3cncc4nnc(-c5ccc(OC(F)F)cc5)n34)cc2c1,0.9250645994832042
COc1ccc2ccc(Oc3cncc4nnc(-c5ccc(OC(F)F)cc5)n34)cc2n1,0.6330749354005168
O=C(Cc1cccc(Cl)c1)Nc1cn2c(-c3ccc(OC(F)F)cc3)nnc2cn1,0.34366925064599485
O=C(Nc1cccc(Cl)c1F)c1cncc2nnc(-c3ccc(OC(F)F)cc3)n12,0.7209302325581395
Cc1ccc(Cl)cc1NC(=O)c1cncc2nnc(-c3ccc(OC(F)F)cc3)n12,0.751937984496124
COC(COc1cncc2nnc(-c3ccc(C#N)cc3)n12)c1ccccc1,0.8863049095607235
Clc1ccccc1CCOc1cncc2nnc(-c3ccncc3)n12,0.3462532299741602
COc1ccc(-c2nnc3cncc(C(=O)Nc4cccc(Cl)c4C)n23)cc1,0.3488372093023256
COc1ccc(-c2nnc3cncc(C(=O)Nc4cccc(Cl)c4F)n23)cc1,0.4780361757105943
COc1ccc(-c2nnc3cncc(C(=O)Nc4cc(Cl)ccc4C)n23)cc1,0.6925064599483204
Fc1ccc(COc2cncc3nnc(-c4ccc(Cl)cc4)n23)cc1F,0.8113695090439277
Fc1ccc(CCOc2cncc3nnc(-c4ccc(OC(F)F)cc4)n23)cc1F,0.8914728682170543
O=C(Nc1cccc(Cl)c1)c1cncc2nnc(-c3ccccn3)n12,0.3514211886304909
O=C(Nc1cccc(Cl)c1)c1cncc2nnc(-c3cccnc3)n12,0.35400516795865633
O=C(Nc1cccc(Cl)c1)c1cncc2nnc(-c3ccc(OC(F)(F)F)cc3)n12,0.9121447028423773
OC(COc1cncc2nnc(C3CCCCC3)n12)c1ccccc1,0.4909560723514212
CCc1nnc2cncc(OCC(O)c3ccccc3)n12,0.3565891472868217
OC(COc1cncc2nnc(-c3ccccc3)n12)c1ccccc1,0.4935400516795866
OC(COc1cncc2nnc(-c3ccc(C(F)(F)F)nc3)n12)c1ccccc1,0.5322997416020672
OC(COc1cncc2nnc(-c3ccc(OC(F)F)cc3)n12)c1ccccc1,0.875968992248062
COc1cncc2nnc(-c3ccc(OC(F)F)cc3)n12,0.3591731266149871
CNC(COc1cncc2nnc(-c3ccc(OC(F)F)cc3)n12)c1ccccc1,0.3617571059431525
NC(COc1cncc2nnc(-c3ccc(OC(F)F)cc3)n12)c1ccccc1,0.6124031007751938
Clc1ccccc1-c1nnc2cncc(OCCc3ccccc3)n12,0.4961240310077519
Clc1cccc(-c2nnc3cncc(OCCc4ccccc4)n23)c1,0.5839793281653747
c1ccc(CCOc2cncc3nnc(-c4ccccc4)n23)cc1,0.6511627906976745
Fc1cc(F)cc(-c2nnc3cncc(OCCc4ccccc4)n23)c1,0.4987080103359173
c1ccc(CCOc2cncc3nnc(-c4ccc5c(c4)OCO5)n23)cc1,0.7002583979328165
c1ccc(CCOc2cncc3nnc(-c4ccc5ccccc5c4)n23)cc1,0.8268733850129198
Fc1cc(F)cc(-c2nnc3cncc(OCc4ccccn4)n23)c1,0.3643410852713178
c1ccc(COc2cncc3nnc(-c4ccc5c(c4)OCO5)n23)nc1,0.3669250645994832
c1ccc(COc2cncc3nnc(-c4ccc5ccccc5c4)n23)nc1,0.3695090439276486
FC(F)Oc1ccc(-c2nnc3cncc(OCc4ccccn4)n23)cc1,0.5012919896640827
CC(Oc1cncc2nnc(-c3ccc(OC(F)F)cc3)n12)c1ccc(Cl)c(Cl)c1,0.7467700258397932
FC(F)Oc1ccc(-c2nnc3cncc(OCc4ccc(Cl)c(Cl)c4)n23)cc1,0.7881136950904393
FC(F)Oc1ccc(-c2nnc3cncc(OCc4ccc(Cl)cc4)n23)cc1,0.6382428940568475
Fc1ccc(-c2nnc3cncc(OCCc4ccccc4)n23)cc1F,0.7726098191214471
Clc1ccc(-c2nnc3cncc(OCCc4ccccc4)n23)cc1Cl,0.7441860465116279
Clc1ccc(-c2nnc3cncc(OCCc4ccccc4)n23)c(Cl)c1,0.9069767441860463
Fc1ccc(-c2nnc3cncc(OCCc4ccccc4)n23)cc1,0.8475452196382429
OCC(COc1cncc2nnc(-c3ccc(OC(F)F)cc3)n12)c1ccccc1,0.8992248062015504
OCC(COc1cncc2nnc(-c3ccc(OC(F)F)cc3)n12)c1ccccc1,0.96640826873385
FC(F)Oc1ccc(-c2nnc3cncc(SCc4ccccc4)n23)cc1,0.372093023255814
O=S(Cc1ccccc1)c1cncc2nnc(-c3ccc(OC(F)F)cc3)n12,0.58656330749354
O=S(=O)(Cc1ccccc1)c1cncc2nnc(-c3ccc(OC(F)F)cc3)n12,0.37467700258397935
FC(F)Oc1ccc(-c2nnc3c(SCCc4ccccc4)nccn23)cc1,0.3772609819121447
FC(F)Oc1ccc(-c2nnc3cncc(-n4cc(-c5ccccc5)nn4)n23)cc1,0.3798449612403101
O=S(=O)(CCc1ccccc1)c1cncc2nnc(-c3ccc(OC(F)F)cc3)n12,0.3824289405684754
O=S(CCc1ccccc1)c1cncc2nnc(-c3ccc(OC(F)F)cc3)n12,0.3850129198966408
FC(F)Oc1ccc(-c2nnc3cncc(OCc4ccccc4)n23)cc1,0.5943152454780362
FC(F)Oc1ccc(-c2nnc3cncc(OCCc4ccccc4)n23)cc1,0.8527131782945736
FC(F)Oc1ccc(-c2nnc3cncc(OCCCC45C6C7C8C6C4C8C75)n23)cc1,0.6149870801033591
FC(F)Oc1ccc(-c2nnc3cncc(OCCC45C6C7C8C6C4C8C75)n23)cc1,0.8423772609819121
FC(F)Oc1ccc(-c2nnc3cncc(OCc4cn(Cc5ccccc5)nn4)n23)cc1,0.3875968992248062
FC(F)Oc1ccc(-c2nnc3cncc(OCc4cn(-c5ccccc5)nn4)n23)cc1,0.3901808785529716
FC(F)Oc1ccc(-c2nnc3cncc(OCc4cn(-c5cncc(Cl)n5)nn4)n23)cc1,0.39276485788113696
IC12C(C3C1C4C52)C5C34C6=NN=C7C=NC=C(OCCC8=CC(F)=C(F)C=C8)N76,0.3953488372093023
Oc1nnc2c(N3CCCCC3)nccn12,0.3979328165374677
Fc1ccc(CCOc2cncc3nncn23)cc1F,0.4005167958656331
CN(C)C(COc1cncc2nnc(-c3ccc(C#N)cc3)n12)c1ccc(F)c(F)c1,0.4031007751937984
N#Cc1ccc(-c2nnc3cncc(OCC(O)c4ccc(F)c(F)c4)n23)cc1,0.7338501291989664
IC12C3C4C5(C3C1C5C24)C6=NN=C7C=NC=C(C(NC8=CC(C(F)(F)F)=NC=C8)=O)N76,0.40568475452196384
COc1cccc(CCOc2cncc3nnc(-c4ccc(OC(F)F)cc4)n23)c1,0.9457364341085271
COc1ccc(CCOc2cncc3nnc(-c4ccc(OC(F)F)cc4)n23)cc1,0.7131782945736435
CC(Oc1cncc2nnc(-c3ccc(OC(F)F)cc3)n12)c1ccc(F)c(F)c1,0.4392764857881137
CC(Oc1cncc2nnc(-c3ccc(OC(F)F)cc3)n12)c1ccc(C#N)cc1,0.5090439276485789
CN(C)C(COc1cncc2nnc(-c3ccc(OC(F)F)cc3)n12)c1ccc(F)c(F)c1,0.9224806201550388
N#Cc1ccc(C=NNc2cccc(C(=O)Nc3ccnc(C(F)(F)F)c3)n2)cc1,0.00516795865633075
N#Cc1ccc(-c2nnc3cccc(C(=O)Nc4ccnc(C(F)(F)F)c4)n23)cc1,0.007751937984496123
N#Cc1ccc(-c2nnc3cncc(OCCc4ccccc4)n23)cc1,0.7855297157622739
COC(COc1cncc2nnc(-c3ccc(C#N)cc3)n12)c1ccc(F)c(F)c1,0.9173126614987079
Fc1ccc(CCOc2cncc3nnc(-c4ccc(Cl)cc4)n23)cc1,0.9328165374677002
CS(=O)(=O)c1ccc(-c2nnc3cncc(OCCc4ccc(F)cc4)n23)cc1,0.5658914728682171
Fc1ccc(CCOc2cncc(Nc3nnc(-c4ccccc4)s3)n2)cc1,0.002583979328165375
CS(=O)(=O)c1ccc(-c2nnc3cncc(OCCc4ccc(F)c(F)c4)n23)cc1,0.7493540051679587
N#Cc1ccc(-c2nnc3cncc(NC(=O)Cc4ccc(F)c(F)c4)n23)cc1,0.5633074935400517
N#Cc1ccc(-c2nnc3cncc(NC(=O)CCc4ccc(F)c(F)c4)n23)cc1,0.4082687338501292
N#Cc1ccc(-c2nnc3cncc(OCCc4ccc(F)cc4)n23)cc1,0.710594315245478
N#Cc1ccc(-c2nnc3cncc(OCCc4ccc(F)c(F)c4)n23)cc1,0.8837209302325582
